{"IcoMoonType":"selection","icons":[{"icon":{"paths":["M483.6 11.8c0 0 0 0 0 0l-208 209c-15.6 15.6-15.6 41 0.2 56.6 15.6 15.6 41 15.6 56.6-0.2l139.6-140.4v847.2c0 22 18 40 40 40s40-18 40-40v-847.2l139.6 140.4c15.6 15.6 41 15.8 56.6 0.2s15.8-41 0.2-56.6l-208-209c0 0 0 0 0 0-15.8-15.8-41.2-15.6-56.8 0z"],"attrs":[{}],"isMulticolor":false,"isMulticolor2":false,"grid":0,"tags":["top-arrow"]},"attrs":[{}],"properties":{"order":3,"id":3,"name":"top-arrow","prevSize":32,"code":59648},"setIdx":0,"setId":0,"iconIdx":0},{"icon":{"paths":["M540.4 1012.2c0 0 0 0 0 0l208-209c15.6-15.6 15.6-41-0.2-56.6-15.6-15.6-41-15.6-56.6 0.2l-139.6 140.4v-847.2c0-22-18-40-40-40s-40 18-40 40v847.2l-139.6-140.4c-15.6-15.6-41-15.8-56.6-0.2s-15.8 41-0.2 56.6l208 209c0 0 0 0 0 0 15.8 15.8 41.2 15.6 56.8 0z"],"attrs":[{}],"isMulticolor":false,"isMulticolor2":false,"grid":0,"tags":["bottom-arrow"]},"attrs":[{}],"properties":{"order":4,"id":2,"name":"bottom-arrow","prevSize":32,"code":59649},"setIdx":0,"setId":0,"iconIdx":1},{"icon":{"paths":["M11.8 540.4c0 0 0 0 0 0l209 208c15.6 15.6 41 15.6 56.6-0.2 15.6-15.6 15.6-41-0.2-56.6l-140.4-139.6h847.2c22 0 40-18 40-40s-18-40-40-40h-847.2l140.4-139.6c15.6-15.6 15.8-41 0.2-56.6s-41-15.8-56.6-0.2l-209 208c0 0 0 0 0 0-15.8 15.8-15.6 41.2 0 56.8z"],"attrs":[{}],"isMulticolor":false,"isMulticolor2":false,"grid":0,"tags":["left-arrow"]},"attrs":[{}],"properties":{"order":5,"id":1,"name":"left-arrow","prevSize":32,"code":59650},"setIdx":0,"setId":0,"iconIdx":2},{"icon":{"paths":["M1012.268 483.686c-0.012-0.012-0.022-0.026-0.036-0.038l-209.008-208c-15.658-15.582-40.984-15.524-56.57 0.136-15.584 15.658-15.524 40.984 0.134 56.568l140.328 139.648h-847.116c-22.092 0-40 17.908-40 40s17.908 40 40 40h847.114l-140.324 139.648c-15.658 15.584-15.718 40.91-0.134 56.568 15.586 15.662 40.914 15.716 56.57 0.136l209.008-208c0.012-0.012 0.022-0.026 0.036-0.038 15.666-15.636 15.616-41.044-0.002-56.628z"],"attrs":[{}],"isMulticolor":false,"isMulticolor2":false,"grid":0,"tags":["right-arrow"]},"attrs":[{}],"properties":{"order":2,"id":0,"name":"right-arrow","prevSize":32,"code":59651},"setIdx":0,"setId":0,"iconIdx":3}],"height":1024,"metadata":{"name":"icomoon"},"preferences":{"showGlyphs":true,"showCodes":true,"showQuickUse":true,"showQuickUse2":true,"showSVGs":true,"fontPref":{"prefix":"icon-","metadata":{"fontFamily":"icomoon"},"metrics":{"emSize":1024,"baseline":6.25,"whitespace":50},"embed":false},"imagePref":{"prefix":"icon-","png":true,"useClassSelector":true,"color":0,"bgColor":16777215},"historySize":50}}